id,voltage,temperature,current,sot,phase,soc,added_at,cell_id_id
1,912.06,13.89,64.94,9.99,83.85,10.66,11/2/2022 06:51:15,1
2,99.55,-11.28,81.85,11.81,243.97,41.72,8/26/2022 18:21:02,2
3,742.4,41.61,51.99,70.26,251.36,46.38,5/30/2022 07:50:51,3
4,448.4,8.22,23.64,93.11,206.29,46.2,9/7/2022 21:24:30,4
5,618.34,49.2,76.57,93.69,90.97,43.2,11/18/2022 21:03:35,5
6,118.82,27.46,57.45,27.8,197.13,47.1,1/7/2022 10:18:07,6
7,652.71,-30.41,95.12,74.96,209.97,46.76,1/19/2022 20:48:14,7
8,735.67,16.28,60.81,26.99,221.11,88.44,10/7/2022 17:53:48,8
9,940.89,9.35,27.68,27.73,348.84,57.64,2/25/2022 12:47:02,9
10,804.48,2.89,18.25,60.82,31.84,23.35,8/30/2022 01:11:51,10
11,163.89,-27.56,97.31,43.99,306.4,7.13,1/31/2022 15:33:37,11
12,815.43,36.39,98.34,10.52,147.86,85.13,4/4/2022 08:56:35,12
13,27.7,42.4,76.2,8.36,312.86,35.61,10/21/2022 06:58:15,13
14,417.62,37.71,36.86,3.22,232.36,27.25,3/28/2022 01:58:06,14
15,200.45,-40.06,21.02,85.41,17.89,5.78,12/21/2022 16:21:41,15
16,184.02,9.1,68.57,1.39,358.55,42.87,10/30/2022 18:06:15,16
17,960.16,-49.61,12.35,21.61,73.8,43.62,1/9/2022 13:24:35,17
18,18.64,-13.55,62.69,10.03,30.98,73.52,2/21/2022 10:57:32,18
19,610.5,37.74,28.41,47.16,292.22,2.11,6/28/2022 22:12:39,19
20,478.96,-17.8,87.65,88.8,20.47,6.13,1/19/2022 19:33:25,20
21,991.07,37.24,35.94,80.23,188.1,62.13,4/3/2022 01:09:55,21
22,106.78,42.27,36.77,34.62,182.98,7.22,3/13/2022 09:17:06,22
23,882.82,-31.27,66.79,76.39,230.19,22.91,7/16/2022 07:24:38,23
24,339.52,38.63,9.27,2.68,189.2,43.52,10/27/2022 18:36:29,24
25,797.54,9.07,68.68,25.42,169.66,19.78,2/6/2022 21:17:49,25
26,370.88,26.57,88.99,60.32,217.02,64.89,4/15/2022 11:42:06,26
27,720.38,3.41,87.82,39.28,175.2,96.38,12/17/2022 05:16:13,27
28,735.44,-38.11,5.95,93.42,239.97,53.93,5/16/2022 03:42:40,28
29,222.4,15.3,60.48,47.59,325.73,68.91,10/11/2022 12:13:14,29
30,748.33,16.59,94.92,0.43,29.58,64.46,11/25/2022 04:02:18,30
31,188.41,33.85,11.96,41.32,285.24,74.99,8/9/2022 01:47:47,31
32,74.48,-33.7,25.47,75.28,144.25,62.91,1/23/2022 08:29:55,32
33,707.73,-3.33,43.59,77.79,25.83,55.43,3/18/2022 01:59:40,33
34,804.28,-32.99,42.01,36.02,106.15,80.15,7/8/2022 21:16:28,34
35,283.76,10.33,13.33,84.94,67.0,61.3,5/2/2022 14:53:53,35
36,455.52,-13.94,43.85,45.15,108.53,76.23,6/24/2022 02:19:13,36
37,115.81,-28.28,78.53,82.1,198.33,96.82,3/14/2022 11:38:19,37
38,604.65,36.77,13.1,54.44,303.98,64.0,10/22/2022 23:02:51,38
39,695.05,43.84,58.29,9.59,179.11,88.67,9/23/2022 13:46:25,39
40,810.07,-21.56,83.22,54.3,183.82,36.88,6/6/2022 02:21:31,40
41,922.83,39.18,20.49,14.36,274.07,86.54,12/3/2022 22:27:51,41
42,786.96,11.74,65.5,22.53,131.84,73.66,2/12/2022 04:49:47,42
43,971.16,44.58,14.44,76.75,43.93,6.73,1/26/2022 12:59:05,43
44,388.28,-1.85,1.18,15.17,190.06,39.55,10/26/2022 14:03:23,44
45,420.33,8.44,12.04,16.18,31.94,63.24,1/15/2022 16:39:59,45
46,66.87,-47.93,80.56,79.75,264.78,63.5,9/25/2022 00:54:45,46
47,78.84,-30.87,19.99,73.72,145.44,33.14,9/19/2022 10:11:13,47
48,166.82,20.26,18.54,81.92,233.56,44.84,4/23/2022 13:13:02,48
49,243.45,16.31,66.95,4.46,344.35,20.16,9/26/2022 11:22:06,49
50,739.64,-30.46,39.2,82.22,342.35,36.83,12/27/2022 13:08:30,50
51,890.95,37.82,81.48,66.28,301.02,83.81,2/13/2022 07:13:50,51
52,676.71,-3.2,31.8,49.42,35.5,30.93,4/27/2022 01:56:07,52
53,396.52,47.91,52.57,90.53,289.04,12.77,11/22/2022 04:25:32,53
54,998.08,-20.43,4.27,57.83,111.52,71.63,1/2/2022 23:17:21,54
55,720.75,7.88,53.81,47.86,206.07,79.05,12/2/2022 21:52:27,55
56,20.19,9.9,98.02,82.3,311.74,11.81,11/11/2022 02:24:43,56
57,310.25,48.96,5.99,5.86,275.64,90.77,4/19/2022 01:19:27,57
58,555.57,-11.85,34.74,83.73,19.37,69.83,7/31/2022 22:36:10,58
59,865.7,-3.29,27.21,50.29,57.63,42.13,7/26/2022 04:53:49,59
60,854.46,42.52,33.0,53.48,91.63,1.79,7/21/2022 22:29:55,60
61,428.02,-44.73,48.49,96.6,196.25,81.22,1/24/2022 12:34:42,61
62,249.62,22.15,62.04,79.07,70.42,86.8,6/14/2022 05:17:45,62
63,360.58,20.72,4.33,87.05,244.28,97.55,2/4/2022 06:27:25,63
64,6.16,-30.63,33.11,45.79,250.54,58.96,11/24/2022 15:49:19,64
65,102.99,33.05,75.22,71.89,4.27,61.61,4/25/2022 12:53:29,65
66,4.25,12.4,72.71,60.87,136.21,85.04,2/1/2022 16:55:45,66
67,54.56,29.73,59.33,84.19,277.42,61.06,9/26/2022 23:01:51,67
68,928.64,-2.59,28.17,39.42,156.6,80.07,5/28/2022 01:56:46,68
69,434.21,38.46,82.44,79.48,345.43,87.96,1/19/2022 07:48:46,69
70,285.09,42.32,58.9,94.39,253.11,46.21,8/8/2022 10:58:46,70
71,117.43,16.88,29.67,85.91,25.38,51.62,11/17/2022 13:13:40,71
72,43.17,-23.46,22.76,79.71,184.7,57.79,6/10/2022 15:05:12,72
73,787.06,47.64,94.52,98.99,355.61,36.12,4/27/2022 09:28:28,73
74,761.69,-24.12,69.42,14.37,145.82,88.62,3/3/2022 03:12:49,74
75,662.85,29.56,79.25,40.54,163.9,33.59,9/19/2022 14:41:41,75
76,837.37,-13.3,66.16,77.11,310.79,36.47,3/13/2022 01:42:53,76
77,723.88,-2.12,27.45,21.29,348.09,79.42,5/19/2022 12:32:41,77
78,741.82,-42.14,33.79,19.93,262.34,16.35,5/12/2022 04:01:52,78
79,377.37,-7.75,89.36,3.89,183.92,57.09,9/28/2022 13:57:24,79
80,611.19,27.7,65.42,78.23,215.2,65.15,10/5/2022 12:48:20,80
81,439.77,-17.25,56.09,69.02,27.91,13.52,11/14/2022 22:59:17,81
82,861.49,-13.19,99.69,63.8,270.94,70.95,8/25/2022 01:28:04,82
83,420.26,-15.56,95.14,73.07,175.29,50.37,12/1/2022 06:38:04,83
84,165.47,-36.16,12.09,13.42,132.68,57.98,2/21/2022 01:36:12,84
85,911.01,31.26,99.0,73.35,358.4,5.14,6/19/2022 06:39:17,85
86,365.91,46.92,31.91,52.82,221.24,99.23,8/19/2022 13:23:19,86
87,154.17,34.78,12.74,84.05,326.47,36.48,11/18/2022 07:31:54,87
88,150.49,-6.14,8.16,98.84,120.0,44.21,3/3/2022 14:01:55,88
89,892.57,-45.3,42.74,29.48,68.04,1.65,7/18/2022 23:14:00,89
90,795.32,-10.33,89.5,22.55,238.13,52.75,2/11/2022 03:53:31,90
91,324.38,43.87,57.77,9.04,229.34,94.76,4/24/2022 10:00:00,91
92,884.04,0.57,91.86,52.05,218.03,30.72,7/23/2022 02:40:36,92
93,431.81,-39.98,43.7,39.32,332.66,58.54,4/28/2022 02:00:55,93
94,194.73,26.8,11.64,37.45,203.05,5.77,3/18/2022 17:32:25,94
95,806.9,11.93,61.8,80.58,139.78,92.07,6/6/2022 09:38:38,95
96,454.21,47.63,51.16,26.52,244.4,30.97,1/14/2022 15:41:11,96
97,434.01,-10.32,48.81,83.02,336.07,55.85,12/18/2022 16:04:54,97
98,402.37,38.55,17.05,17.23,110.15,76.47,2/27/2022 22:23:23,98
99,680.7,26.56,32.63,18.92,242.27,32.8,4/7/2022 01:04:34,99
100,262.81,-39.6,6.9,24.56,279.85,38.82,10/19/2022 22:39:18,100
101,856.43,35.85,11.15,56.53,188.13,0.23,7/2/2022 17:37:48,101
102,185.16,40.8,91.87,15.37,69.59,1.95,3/20/2022 20:58:00,102
103,753.44,6.08,41.49,26.08,191.4,0.23,1/21/2022 21:13:21,103
104,148.43,13.48,71.84,37.77,322.32,59.08,6/18/2022 02:03:04,104
105,768.35,-12.11,19.16,24.96,172.22,89.02,9/10/2022 21:54:47,105
106,442.38,-22.18,22.22,87.88,114.41,87.17,11/13/2022 21:48:07,106
107,594.48,-1.97,70.73,29.08,186.52,74.97,3/14/2022 01:35:45,107
108,549.22,20.98,61.17,92.22,332.86,41.14,6/12/2022 20:38:26,108
109,209.57,36.84,12.87,33.91,292.45,10.05,7/8/2022 05:46:30,109
110,203.66,46.32,41.72,26.8,145.96,0.42,9/21/2022 02:42:44,110
111,779.5,-15.87,24.56,20.4,180.32,7.97,5/13/2022 23:23:22,111
112,462.27,24.18,61.33,4.39,198.6,34.27,11/23/2022 05:14:13,112
113,84.33,40.58,37.28,80.46,11.54,71.68,7/15/2022 12:55:37,113
114,488.45,-34.69,97.33,16.34,189.05,91.92,3/9/2022 16:10:31,114
115,389.83,13.62,35.24,2.82,251.66,29.65,9/7/2022 01:35:07,115
116,658.89,-4.83,11.61,41.83,229.04,28.22,2/18/2022 22:18:38,116
117,618.96,-23.42,46.15,44.11,283.39,56.1,3/7/2022 13:46:34,117
118,877.11,-30.3,42.79,33.8,62.22,48.52,4/16/2022 18:43:12,118
119,220.55,-1.82,30.39,32.93,280.89,92.92,9/22/2022 15:38:45,119
120,437.62,19.02,85.5,52.49,333.8,38.06,10/7/2022 15:16:01,120
121,317.6,2.38,82.88,44.67,183.98,27.51,2/2/2022 18:56:54,121
122,746.58,-28.13,95.74,59.08,90.96,21.72,3/30/2022 22:52:18,122
123,347.77,4.5,89.02,79.38,39.75,96.27,7/31/2022 18:22:49,123
124,31.92,-25.79,13.82,32.21,128.99,71.01,7/9/2022 15:32:20,124
125,908.77,-7.85,13.27,19.18,330.41,86.28,7/29/2022 02:15:33,125
126,622.53,-23.0,3.1,75.5,1.32,21.45,5/26/2022 14:06:47,126
127,351.96,41.44,30.32,41.57,294.77,59.87,1/14/2022 00:17:35,127
128,395.32,8.86,84.18,85.83,182.55,96.7,8/5/2022 01:37:26,128
129,334.33,-16.08,16.01,61.85,77.82,75.73,10/5/2022 08:41:11,129
130,617.96,-12.21,27.03,50.97,287.64,9.7,11/16/2022 18:15:34,130
131,830.88,-10.04,33.04,7.67,144.0,56.19,4/15/2022 02:02:23,131
132,573.83,40.44,44.7,97.05,117.08,52.26,5/7/2022 18:02:05,132
133,896.07,45.65,87.76,28.5,73.79,94.49,3/23/2022 13:18:13,133
134,861.45,39.69,2.59,36.47,201.75,28.82,2/10/2022 17:14:13,134
135,430.5,-25.08,50.06,7.36,20.53,31.33,5/13/2022 21:33:25,135
136,782.41,24.15,8.47,67.77,347.38,63.37,10/4/2022 22:04:35,136
137,843.13,7.84,52.38,19.82,257.18,16.29,2/5/2022 13:51:45,137
138,84.89,49.76,5.18,23.82,106.22,59.1,9/12/2022 08:33:19,138
139,172.1,-16.12,54.73,27.08,359.05,38.96,3/7/2022 04:58:23,139
140,658.72,-12.42,98.11,81.64,322.3,97.68,6/15/2022 13:42:28,140
141,984.59,-11.75,27.03,97.57,245.84,32.02,3/2/2022 11:57:42,141
142,541.62,17.11,56.7,72.2,13.16,58.46,5/21/2022 13:48:36,142
143,997.64,-14.3,44.95,73.44,111.33,77.15,7/12/2022 11:33:05,143
144,917.27,-21.9,29.69,9.01,88.86,56.81,7/16/2022 04:58:42,144
145,626.95,-22.16,20.26,6.31,321.25,91.23,5/1/2022 15:04:05,145
146,851.92,24.18,5.65,89.98,156.39,34.48,8/8/2022 05:35:57,146
147,109.06,21.39,0.5,62.93,127.04,35.21,2/17/2022 12:31:16,147
148,49.96,-6.79,6.83,20.18,36.5,15.7,6/23/2022 15:37:24,148
149,905.72,38.46,7.01,27.64,34.52,89.23,11/23/2022 17:30:28,149
150,450.69,27.7,67.9,44.72,247.99,85.68,3/22/2022 13:51:44,150
151,29.0,-16.4,33.04,60.78,315.72,26.53,2/7/2022 17:48:31,151
152,388.19,44.97,35.54,93.21,311.47,60.84,12/14/2022 22:10:20,152
153,373.17,-45.59,56.93,77.34,301.16,66.77,4/3/2022 06:39:36,153
154,144.91,47.63,17.61,42.0,76.43,5.94,9/27/2022 20:58:32,154
155,602.94,19.43,74.24,4.74,291.62,98.96,5/12/2022 02:28:29,155
156,495.2,36.85,93.2,25.69,337.02,94.38,1/31/2022 03:41:09,156
157,344.54,1.37,42.4,53.63,113.49,76.05,10/24/2022 08:49:46,157
158,562.05,13.81,94.94,85.9,257.45,32.91,2/15/2022 04:19:31,158
159,206.72,36.93,56.5,95.88,58.55,19.46,2/9/2022 15:34:20,159
160,34.68,16.14,1.33,58.22,184.95,49.17,6/16/2022 21:44:24,160
161,303.18,6.84,3.44,23.27,275.63,0.55,10/30/2022 05:44:07,161
162,922.53,-39.55,39.17,99.61,161.35,80.22,1/24/2022 02:00:30,162
163,31.55,-11.22,0.8,32.25,160.39,37.26,8/4/2022 06:06:38,163
164,74.28,-25.26,51.68,74.26,352.32,73.51,2/4/2022 02:35:34,164
165,176.22,38.03,79.06,59.39,288.11,94.16,2/10/2022 01:06:11,165
166,795.47,34.29,62.48,68.76,84.17,9.27,4/7/2022 06:24:09,166
167,884.88,30.64,47.42,45.9,165.49,30.46,1/6/2022 18:25:42,167
168,837.52,-15.3,2.65,47.18,201.07,9.35,2/4/2022 15:47:34,168
169,196.46,26.81,79.93,8.74,41.94,47.19,1/12/2022 12:52:27,169
170,654.04,-46.65,13.26,0.33,221.13,94.09,3/15/2022 10:21:57,170
171,80.18,-32.45,2.32,89.7,3.76,71.23,12/22/2022 17:23:05,171
172,339.42,43.58,43.7,72.9,212.29,24.51,7/31/2022 22:01:26,172
173,106.18,7.41,96.18,23.17,173.24,84.09,2/25/2022 08:14:43,173
174,868.76,43.36,99.23,79.46,306.89,16.41,8/2/2022 07:15:23,174
175,514.6,46.8,19.37,2.52,299.94,30.26,8/15/2022 18:19:31,175
176,816.66,-33.85,51.82,91.07,40.61,48.28,7/7/2022 05:39:36,176
177,900.07,-36.43,62.62,89.42,163.66,88.95,6/30/2022 11:38:46,177
178,52.71,31.28,32.41,26.53,57.27,81.57,3/29/2022 10:24:39,178
179,8.47,7.35,49.34,36.64,254.22,46.51,1/30/2022 12:55:20,179
180,920.29,-11.33,15.14,86.26,8.02,30.3,3/10/2022 08:47:03,180
181,925.1,-47.3,26.46,86.51,350.62,65.06,3/16/2022 19:26:10,181
182,575.42,-31.85,67.87,17.78,149.5,62.59,3/2/2022 17:36:28,182
183,663.64,24.13,88.5,77.23,167.9,62.3,7/13/2022 14:03:06,183
184,385.17,-15.74,94.4,15.59,337.56,26.9,3/27/2022 22:13:07,184
185,776.29,19.13,59.57,81.71,170.24,88.46,3/15/2022 05:16:48,185
186,403.61,6.2,50.31,2.32,18.68,80.65,5/31/2022 04:16:30,186
187,244.35,23.6,23.31,4.2,195.51,95.73,7/18/2022 07:05:38,187
188,483.0,-46.38,99.87,75.37,65.43,57.55,11/16/2022 07:44:56,188
189,652.33,17.24,33.57,26.66,90.88,61.06,7/22/2022 07:25:43,189
190,330.83,-0.29,99.24,79.75,320.36,93.37,10/3/2022 11:14:49,190
191,649.76,7.27,49.92,99.34,199.37,31.26,2/6/2022 06:34:23,191
192,46.77,42.6,12.39,90.45,10.15,97.94,8/12/2022 16:37:27,192
193,670.35,-23.34,16.25,45.87,156.51,38.66,8/14/2022 23:58:20,193
194,123.32,5.39,75.2,86.31,335.62,59.97,5/27/2022 13:57:46,194
195,762.79,4.66,97.83,53.43,344.7,17.96,4/6/2022 18:48:40,195
196,477.94,13.58,32.34,9.93,106.88,28.68,10/29/2022 00:43:42,196
197,353.67,9.74,28.75,10.07,50.4,59.97,5/8/2022 13:12:54,197
198,828.02,13.04,4.25,65.96,176.93,92.34,5/28/2022 00:55:58,198
199,730.9,-25.89,4.92,41.83,313.23,66.32,7/28/2022 07:13:47,199
200,329.16,-12.44,28.51,87.56,92.76,19.41,4/18/2022 12:28:17,200
201,379.6,-43.63,49.02,17.86,168.22,49.39,4/1/2022 10:41:36,201
202,596.69,2.54,6.79,85.18,147.74,2.63,10/21/2022 15:58:26,202
203,398.55,44.11,12.34,37.44,185.38,21.05,7/2/2022 22:30:58,203
204,120.38,9.17,36.03,81.18,239.61,54.3,10/7/2022 21:02:47,204
205,43.52,-40.08,23.89,3.2,235.85,78.72,11/22/2022 11:14:44,205
206,164.04,14.68,39.93,45.66,337.01,50.85,4/28/2022 16:33:29,206
207,399.3,-32.03,84.47,94.96,304.41,49.76,7/13/2022 11:50:25,207
208,393.47,-0.74,23.3,35.62,237.5,17.52,1/28/2022 10:00:30,208
209,695.98,6.98,85.06,21.57,38.15,99.08,3/15/2022 10:17:54,209
210,767.84,38.05,49.71,7.57,314.51,25.63,10/19/2022 15:49:14,210
211,883.27,30.4,35.76,37.17,180.88,24.41,6/23/2022 12:56:39,211
212,366.5,23.5,56.65,7.73,138.62,90.47,6/23/2022 07:57:10,212
213,774.01,29.07,45.68,5.03,152.61,38.12,7/7/2022 20:49:37,213
214,733.55,-29.43,69.54,63.97,94.76,37.1,1/24/2022 04:05:21,214
215,228.27,36.52,64.51,65.94,22.37,85.98,3/22/2022 14:54:17,215
216,390.08,-14.05,40.94,31.7,70.48,48.38,4/17/2022 07:17:22,216
217,640.53,-38.62,85.41,34.43,235.73,78.86,3/21/2022 05:07:35,217
218,74.81,28.37,81.45,69.28,20.18,52.4,7/4/2022 09:43:43,218
219,651.06,-38.42,87.23,30.49,251.42,53.41,4/7/2022 23:11:22,219
220,380.81,24.45,90.62,4.21,270.33,45.28,11/22/2022 14:58:14,220
221,538.15,-18.91,25.45,56.34,162.85,79.94,2/13/2022 10:26:43,221
222,141.26,3.26,75.31,13.14,350.31,27.39,6/20/2022 01:28:47,222
223,89.51,29.85,7.06,24.92,69.33,94.72,7/17/2022 22:48:46,223
224,566.53,-32.51,1.72,10.88,213.8,76.14,7/1/2022 20:30:38,224
225,889.38,-1.77,84.56,97.73,136.87,6.49,4/23/2022 13:15:42,225
226,601.87,16.59,55.47,9.47,342.5,60.62,7/26/2022 00:40:19,226
227,746.79,35.61,58.37,82.39,159.85,87.91,5/16/2022 17:02:47,227
228,337.13,10.32,7.83,4.57,153.82,39.53,7/12/2022 23:28:57,228
229,60.75,-32.65,87.86,13.86,113.46,24.95,5/12/2022 08:58:17,229
230,177.17,4.71,15.62,97.68,42.83,60.85,10/10/2022 03:46:27,230
231,478.8,32.8,94.42,67.2,269.72,82.53,10/2/2022 03:53:03,231
232,880.64,14.49,17.18,43.67,249.72,88.51,11/23/2022 18:36:56,232
233,14.86,-19.95,83.28,94.86,208.47,55.56,3/3/2022 15:28:38,233
234,499.42,28.1,53.42,13.49,300.79,67.57,7/19/2022 06:46:47,234
235,214.97,-6.84,62.52,85.8,149.91,73.82,12/27/2022 17:04:35,235
236,956.5,20.51,79.53,97.78,63.62,4.81,1/23/2022 19:19:52,236
237,937.56,-15.56,47.96,40.84,310.34,69.14,10/15/2022 10:57:20,237
238,834.86,-39.56,49.01,17.05,350.67,44.14,8/9/2022 14:59:26,238
239,298.24,-31.98,49.2,7.81,270.99,53.22,12/19/2022 22:00:47,239
240,222.45,26.93,37.32,93.5,10.71,5.47,3/22/2022 18:21:09,240
241,348.53,-19.42,72.45,73.14,286.68,13.31,4/10/2022 07:41:10,241
242,688.01,23.89,84.05,42.01,341.48,85.76,3/19/2022 08:25:26,242
243,89.34,-17.38,77.58,6.81,134.88,54.95,11/10/2022 14:11:39,243
244,863.13,48.04,50.99,89.43,267.58,8.26,2/27/2022 00:10:18,244
245,812.24,-49.77,98.28,99.61,259.5,44.05,3/1/2022 14:11:51,245
246,208.19,14.18,37.65,95.45,101.09,11.3,3/22/2022 13:36:27,246
247,589.68,41.97,80.34,10.73,261.19,42.18,10/19/2022 15:35:58,247
248,985.89,31.32,15.25,37.99,47.55,56.57,2/20/2022 15:08:34,248
249,88.51,-47.63,77.23,89.77,153.58,6.44,5/10/2022 08:46:04,249
250,432.68,29.79,37.5,11.19,103.29,41.82,8/15/2022 04:13:32,250
251,879.36,29.35,42.63,45.08,67.36,34.32,8/22/2022 12:55:08,251
252,471.09,19.65,2.04,94.99,271.31,28.8,3/20/2022 19:31:13,252
253,130.42,-4.4,14.21,98.23,177.29,60.51,10/23/2022 17:26:18,253
254,363.77,-45.84,18.97,12.65,11.91,95.55,2/13/2022 05:45:04,254
255,535.0,36.45,95.72,1.73,55.75,20.23,9/12/2022 12:00:53,255
256,79.05,-15.92,29.9,53.01,351.56,72.9,4/15/2022 03:12:54,256
257,431.57,27.44,74.06,91.41,217.64,94.61,9/28/2022 20:49:35,257
258,951.3,16.87,62.42,57.83,206.0,10.55,8/16/2022 21:03:52,258
259,645.26,30.76,18.69,18.61,303.37,75.58,5/6/2022 06:00:25,259
260,760.24,12.08,53.86,29.77,268.28,68.42,1/31/2022 16:11:07,260
261,465.97,2.75,95.45,50.07,100.8,47.03,11/25/2022 06:10:58,261
262,160.45,-4.57,21.09,6.0,64.75,73.0,11/14/2022 19:09:08,262
263,469.6,-43.29,3.08,66.29,261.66,24.23,3/7/2022 20:36:35,263
264,93.85,5.76,64.13,85.08,272.56,97.53,12/5/2022 02:53:04,264
265,322.61,-32.72,7.09,6.7,169.42,35.15,12/16/2022 02:31:45,265
266,189.35,28.38,25.25,58.23,155.34,50.88,2/16/2022 03:59:08,266
267,885.75,9.75,45.66,66.92,342.0,1.39,8/20/2022 07:52:48,267
268,543.51,-42.9,45.07,83.17,59.73,20.79,3/1/2022 15:33:29,268
269,640.23,-42.07,30.89,23.1,333.71,19.59,6/19/2022 00:45:49,269
270,511.7,38.26,6.06,4.59,340.93,14.57,12/24/2022 22:35:09,270
271,83.61,-5.56,5.7,94.35,257.4,94.57,5/29/2022 16:29:19,271
272,691.79,34.3,16.1,54.25,119.04,55.37,6/24/2022 15:42:31,272
273,242.39,15.38,39.99,99.14,102.82,40.0,8/25/2022 10:39:32,273
274,34.28,29.72,48.08,92.84,129.84,49.4,10/24/2022 20:20:27,274
275,281.75,49.31,68.69,18.29,49.42,81.32,2/23/2022 13:36:15,275
276,230.75,-26.44,37.98,53.0,59.43,96.49,11/15/2022 17:14:40,276
277,681.24,-6.03,64.04,60.2,319.98,1.82,8/24/2022 09:42:52,277
278,851.73,28.81,79.25,3.15,81.13,15.05,5/13/2022 15:59:14,278
279,961.65,-4.85,60.69,24.47,281.82,79.82,7/23/2022 08:43:11,279
280,714.99,-41.3,33.12,45.01,246.02,71.99,10/10/2022 02:15:25,280
281,387.1,-23.96,72.94,53.12,296.0,29.03,11/19/2022 04:23:07,281
282,898.67,-34.26,55.53,19.75,38.56,70.88,1/13/2022 20:14:56,282
283,877.86,-42.79,66.18,24.43,292.48,84.18,8/7/2022 02:06:32,283
284,336.5,8.66,18.94,76.84,310.5,41.23,12/24/2022 21:31:23,284
285,901.04,23.07,72.24,12.42,94.78,88.6,8/2/2022 14:27:40,285
286,268.65,-41.37,78.16,46.34,187.27,86.22,4/4/2022 16:40:22,286
287,899.65,-5.1,50.19,0.29,45.11,55.16,5/9/2022 21:14:20,287
288,116.16,15.72,48.14,41.24,243.92,21.78,7/8/2022 04:48:08,288
289,969.9,1.55,75.77,23.2,129.23,28.43,11/24/2022 00:26:52,289
290,240.87,-10.36,81.75,48.39,199.74,29.5,6/18/2022 06:18:41,290
291,223.67,-22.11,9.16,50.22,118.4,92.3,4/1/2022 06:27:27,291
292,142.83,-22.41,73.24,64.78,206.59,37.32,3/4/2022 10:06:53,292
293,974.57,21.88,2.4,98.46,31.5,65.95,5/15/2022 02:22:28,293
294,240.41,1.39,94.35,75.51,44.29,41.12,7/6/2022 07:44:20,294
295,940.72,40.89,59.95,35.32,230.92,54.61,10/30/2022 09:27:59,295
296,441.6,-8.49,24.04,40.68,186.47,46.09,1/4/2022 21:55:59,296
297,787.11,-30.81,48.84,96.97,246.02,99.75,10/12/2022 16:01:47,297
298,495.98,0.64,18.15,63.99,210.55,41.39,10/26/2022 17:37:22,298
299,496.49,-3.53,72.04,64.67,24.64,90.81,2/6/2022 23:49:05,299
300,29.28,-47.86,7.62,95.42,3.02,45.8,12/24/2022 07:54:26,300
301,182.01,38.03,85.81,86.01,320.54,58.19,1/26/2022 01:35:57,301
302,116.4,41.57,90.57,48.74,100.45,66.61,7/5/2022 15:40:01,302
303,34.12,-22.37,62.05,27.24,329.58,52.33,1/10/2022 14:19:28,303
304,607.03,16.08,93.84,71.94,112.73,30.79,11/28/2022 18:49:44,304
305,270.28,-7.84,72.28,55.48,299.54,57.6,9/11/2022 06:31:32,305
306,945.65,-18.21,65.4,48.32,153.37,78.77,6/18/2022 13:11:17,306
307,243.79,-6.87,13.58,80.26,331.08,57.55,3/17/2022 02:53:49,307
308,143.53,8.05,29.1,46.46,15.81,39.97,9/25/2022 04:30:00,308
309,694.12,0.35,77.22,4.32,189.47,55.68,11/10/2022 03:51:31,309
310,656.5,-23.7,70.32,24.47,43.47,22.31,9/13/2022 19:56:06,310
311,2.31,-27.65,94.48,61.94,357.81,80.19,3/11/2022 05:44:45,311
312,4.99,5.08,95.88,99.2,91.7,51.64,11/25/2022 23:26:42,312
313,398.21,-49.64,98.73,60.57,226.55,36.65,11/20/2022 01:16:07,313
314,360.5,-45.93,61.59,44.02,143.24,79.04,5/8/2022 20:46:56,314
315,78.23,-26.52,72.22,60.26,320.46,88.49,11/28/2022 13:14:48,315
316,876.84,41.54,84.12,59.59,113.8,16.46,3/21/2022 14:29:41,316
317,357.68,-46.72,10.61,19.37,29.93,95.12,11/15/2022 16:38:35,317
318,636.81,11.55,84.25,59.02,114.56,40.45,9/23/2022 20:41:42,318
319,936.17,-43.35,37.35,67.61,301.74,75.59,2/28/2022 09:14:04,319
320,376.88,-18.34,89.4,98.45,80.29,97.35,10/24/2022 23:53:03,320
321,528.42,4.03,49.56,80.28,293.35,95.67,9/13/2022 05:00:56,321
322,517.23,25.97,79.79,39.79,253.84,98.16,8/2/2022 00:04:29,322
323,723.09,12.93,46.39,83.18,122.17,51.36,7/29/2022 09:18:34,323
324,454.23,-47.79,48.55,89.62,144.92,73.91,12/11/2022 22:02:02,324
325,382.18,9.82,62.28,58.39,63.58,79.78,4/28/2022 03:06:15,325
326,947.27,-15.36,49.49,2.28,142.84,98.14,10/29/2022 01:22:07,326
327,926.27,6.88,84.42,46.88,240.67,83.69,6/28/2022 03:29:51,327
328,303.11,-30.27,86.95,15.28,57.66,81.84,1/9/2022 12:50:25,328
329,133.58,-43.83,60.9,6.55,61.36,75.25,6/11/2022 18:32:08,329
330,645.73,-34.16,92.92,50.46,297.81,30.1,11/14/2022 20:26:36,330
331,660.21,15.37,86.66,85.32,230.49,87.69,11/4/2022 16:12:13,331
332,233.27,-13.22,17.33,32.14,206.3,9.05,2/11/2022 06:00:37,332
333,473.81,8.88,48.11,30.57,15.72,24.98,4/15/2022 06:28:49,333
334,39.47,-16.69,41.9,92.94,293.33,72.94,9/26/2022 04:17:49,334
335,731.47,-35.14,36.21,87.64,21.57,1.5,8/16/2022 17:48:24,335
336,214.82,-44.47,4.04,37.52,171.39,30.26,6/27/2022 20:24:37,336
337,277.16,38.97,23.11,88.52,21.8,41.35,1/1/2022 15:45:48,337
338,994.03,-6.25,79.24,63.11,173.68,28.99,3/9/2022 17:07:23,338
339,797.09,45.95,52.14,59.45,166.69,37.7,5/8/2022 05:53:26,339
340,420.34,-45.1,15.39,59.72,248.86,36.16,1/21/2022 22:19:53,340
341,580.98,-46.61,69.75,72.84,1.41,49.52,10/19/2022 23:51:40,341
342,714.74,15.86,87.74,43.5,183.52,24.41,12/2/2022 09:59:43,342
343,838.9,-17.52,4.88,74.42,243.5,89.04,12/13/2022 18:04:19,343
344,920.59,-9.03,42.6,98.4,166.28,46.74,11/7/2022 00:54:34,344
345,209.61,-0.8,64.11,11.38,348.84,77.84,5/25/2022 22:58:04,345
346,809.83,36.06,93.43,87.18,166.19,23.11,9/8/2022 06:53:35,346
347,626.33,-15.33,81.42,5.81,40.35,87.14,4/13/2022 13:29:55,347
348,573.42,36.62,76.71,59.4,24.07,48.02,9/15/2022 08:19:49,348
349,35.56,-17.29,78.14,59.05,155.39,59.38,3/19/2022 13:47:21,349
350,507.94,6.3,9.02,60.54,296.48,25.14,8/29/2022 14:04:23,350
351,630.65,-21.36,6.52,61.07,197.76,34.2,3/25/2022 01:20:56,351
352,680.44,10.39,50.57,73.03,198.36,6.82,5/7/2022 13:29:30,352
353,193.71,4.16,18.18,12.68,168.33,26.39,1/17/2022 20:27:31,353
354,714.98,17.02,88.33,99.62,67.59,21.46,8/2/2022 14:10:59,354
355,773.93,-43.82,32.17,46.82,59.07,41.09,3/24/2022 17:27:10,355
356,828.21,21.44,14.25,20.08,115.6,62.3,11/17/2022 00:56:29,356
357,521.68,-46.21,4.54,55.98,306.79,33.27,4/22/2022 03:40:36,357
358,904.94,-35.76,77.93,90.41,27.02,12.63,7/14/2022 22:38:22,358
359,697.52,33.31,14.78,50.09,221.37,29.83,1/19/2022 02:42:59,359
360,162.92,10.36,89.97,26.16,63.49,58.58,7/1/2022 19:17:38,360
361,709.65,39.82,5.16,58.79,226.4,21.42,10/11/2022 23:37:19,361
362,290.51,45.23,13.37,94.07,83.32,29.95,3/8/2022 04:14:59,362
363,34.36,-31.55,55.2,39.81,340.16,53.0,3/12/2022 09:18:09,363
364,495.97,-39.43,30.98,43.83,136.43,23.14,3/13/2022 15:51:49,364
365,372.34,44.86,62.74,93.54,359.32,36.04,5/6/2022 23:43:49,365
366,813.61,-6.4,62.19,68.62,359.01,41.27,3/18/2022 13:56:00,366
367,775.56,-26.59,18.35,82.25,15.57,20.25,1/10/2022 06:43:48,367
368,70.78,-33.19,79.22,87.76,140.78,21.57,1/3/2022 13:06:44,368
369,13.19,-16.09,53.4,19.08,235.41,55.8,10/17/2022 14:04:41,369
370,742.67,0.44,28.66,37.52,70.05,18.98,5/12/2022 04:36:21,370
371,343.97,38.56,17.25,96.63,175.14,5.23,11/22/2022 04:30:42,371
372,802.7,-20.83,16.5,16.49,42.92,5.67,2/4/2022 07:21:43,372
373,381.43,4.22,38.34,88.52,252.08,31.27,4/12/2022 20:59:12,373
374,572.91,7.45,98.57,9.02,64.7,46.51,8/20/2022 15:27:32,374
375,400.71,48.38,33.01,5.79,148.79,66.31,7/27/2022 21:36:34,375
376,833.08,18.49,8.3,21.45,196.14,1.54,12/13/2022 04:05:46,376
377,144.06,15.86,68.51,12.71,203.34,56.27,3/28/2022 02:34:43,377
378,486.86,-15.75,95.93,70.92,261.17,27.45,10/10/2022 11:05:23,378
379,465.18,-2.16,41.13,22.99,124.56,76.66,5/3/2022 19:44:05,379
380,765.59,45.07,28.81,25.23,5.92,45.19,4/9/2022 12:50:58,380
381,472.95,31.22,85.26,95.33,22.18,89.35,2/10/2022 02:48:24,381
382,526.87,-16.47,70.61,31.79,262.33,7.9,4/6/2022 15:38:05,382
383,328.1,38.6,25.64,7.28,30.02,63.87,4/3/2022 04:57:27,383
384,24.45,-46.87,92.91,1.5,37.73,62.07,1/31/2022 21:41:24,384
385,309.07,-36.6,60.5,46.43,128.06,67.27,5/7/2022 16:55:20,385
386,76.97,-31.85,32.64,0.97,127.13,43.72,6/9/2022 09:50:31,386
387,97.53,-2.79,74.31,57.13,234.9,34.09,2/9/2022 08:35:21,387
388,127.34,-11.39,42.99,44.22,332.21,71.01,3/16/2022 11:27:51,388
389,663.71,-35.7,94.8,39.79,178.11,89.33,8/16/2022 15:25:30,389
390,129.7,15.23,87.31,6.34,294.76,11.51,8/13/2022 15:26:21,390
391,866.29,-0.82,62.84,39.13,7.12,47.4,8/29/2022 16:59:38,391
392,445.01,9.42,18.48,4.14,96.18,51.45,7/16/2022 08:41:14,392
393,681.62,-34.89,21.83,54.44,119.22,8.06,9/9/2022 00:01:48,393
394,801.22,-45.03,61.97,2.44,119.7,38.92,7/19/2022 23:17:33,394
395,459.94,1.88,71.49,6.32,315.68,5.11,10/7/2022 23:26:30,395
396,271.9,-12.86,15.59,38.53,235.92,47.38,1/1/2022 06:39:17,396
397,28.65,32.53,46.03,73.2,60.02,48.23,1/16/2022 20:54:46,397
398,496.9,6.84,62.41,46.16,216.04,84.67,3/6/2022 00:32:44,398
399,90.04,13.65,65.71,78.94,277.92,28.29,4/23/2022 22:52:32,399
400,371.71,23.04,73.46,62.42,31.06,8.89,5/25/2022 23:06:50,400
401,429.34,-4.49,96.18,71.34,91.36,56.17,4/9/2022 09:38:40,401
402,780.28,41.9,9.84,1.39,256.65,98.91,3/13/2022 04:55:47,402
403,234.84,-45.43,43.82,58.65,57.54,11.03,2/9/2022 19:42:25,403
404,649.41,-23.21,38.42,76.89,72.02,13.56,2/25/2022 21:58:00,404
405,180.72,-40.08,53.19,85.98,276.19,66.18,6/19/2022 10:49:24,405
406,628.78,20.61,42.61,51.3,113.02,6.66,8/15/2022 09:02:44,406
407,251.1,11.35,21.95,34.92,12.17,66.74,9/8/2022 14:59:56,407
408,30.21,-31.94,26.85,94.62,54.08,37.64,3/20/2022 17:17:08,408
409,559.28,-47.84,77.99,70.44,75.49,90.28,4/22/2022 06:42:06,409
410,654.97,28.29,65.87,32.21,328.11,58.05,3/4/2022 12:08:54,410
411,718.83,-21.83,32.95,5.07,65.4,48.52,11/20/2022 10:03:06,411
412,640.89,13.98,76.41,95.77,334.84,28.43,12/21/2022 15:36:19,412
413,82.42,19.27,7.24,26.25,134.08,56.05,6/10/2022 02:50:49,413
414,195.01,40.49,55.03,19.48,311.61,33.96,10/22/2022 05:44:45,414
415,299.71,-35.58,22.53,71.8,213.98,57.35,10/18/2022 06:38:30,415
416,930.21,-10.34,24.53,57.86,120.92,45.18,5/27/2022 17:29:39,416
417,484.22,-38.04,84.44,69.05,131.11,32.15,12/16/2022 06:34:32,417
418,674.48,-12.68,17.33,49.11,343.87,76.55,12/13/2022 13:45:18,418
419,20.64,-26.16,72.12,17.0,327.66,63.32,10/20/2022 15:57:16,419
420,863.65,-33.9,59.37,47.15,245.28,61.28,1/7/2022 11:24:24,420
421,569.55,5.74,16.27,86.76,325.11,39.62,3/21/2022 19:41:39,421
422,324.53,28.1,36.55,65.47,316.15,7.79,5/29/2022 04:37:12,422
423,764.94,33.37,36.17,60.74,196.77,54.63,7/14/2022 08:13:31,423
424,816.11,16.86,10.32,17.31,197.92,7.33,9/26/2022 19:38:50,424
425,527.24,18.62,51.26,6.71,32.03,17.19,7/8/2022 11:32:39,425
426,572.29,-40.65,70.81,74.92,149.74,7.73,8/19/2022 14:27:23,426
427,338.86,45.63,31.35,32.18,230.68,63.97,6/5/2022 23:10:55,427
428,81.85,-28.31,85.32,45.79,11.45,94.34,10/12/2022 05:09:15,428
429,193.32,3.33,79.09,37.84,259.94,40.3,11/30/2022 06:10:13,429
430,418.89,-43.0,76.95,45.85,8.12,23.43,11/18/2022 11:52:10,430
431,274.76,-40.22,95.2,66.95,3.12,54.72,1/16/2022 19:00:25,431
432,53.67,45.6,12.68,85.67,296.4,13.63,1/11/2022 20:59:31,432
433,403.05,-46.56,77.6,74.55,240.69,56.42,11/28/2022 10:15:54,433
434,14.78,-26.68,74.74,4.68,62.39,0.87,11/5/2022 04:32:16,434
435,736.32,-38.07,91.45,64.04,176.24,65.42,11/23/2022 04:12:25,435
436,636.42,22.18,37.5,5.58,324.69,63.24,11/26/2022 08:14:07,436
437,658.68,-37.48,29.27,62.94,181.43,88.31,8/25/2022 22:01:09,437
438,690.01,5.22,67.15,11.35,138.18,44.71,5/1/2022 12:50:53,438
439,548.19,20.97,36.62,46.97,206.11,35.34,5/9/2022 09:26:10,439
440,694.38,30.91,81.02,60.15,145.48,88.68,2/14/2022 14:31:06,440
441,330.7,-34.44,22.08,75.86,13.57,43.88,6/22/2022 04:45:55,441
442,268.9,-25.37,40.18,28.26,74.19,92.98,6/29/2022 10:46:36,442
443,688.07,-3.1,58.42,86.24,205.38,34.41,10/18/2022 08:13:30,443
444,609.84,24.19,54.86,75.79,181.86,12.91,4/23/2022 08:38:27,444
445,515.1,-12.29,62.86,65.55,38.32,69.84,2/5/2022 00:27:05,445
446,540.98,-12.71,70.52,74.76,346.59,24.07,11/8/2022 12:55:02,446
447,495.01,-24.93,77.61,38.85,27.87,7.66,11/15/2022 01:41:30,447
448,764.15,-27.01,26.85,1.49,114.96,13.71,1/9/2022 12:34:53,448
449,134.28,-8.3,77.24,56.73,133.41,89.7,8/27/2022 11:12:39,449
450,847.04,-15.07,71.59,54.41,209.98,14.99,11/23/2022 05:03:37,450
451,492.91,35.2,40.88,82.76,218.1,37.3,6/20/2022 10:41:54,451
452,970.68,-3.19,9.89,20.21,55.17,73.11,3/13/2022 23:17:17,452
453,614.52,-47.56,9.42,3.23,193.45,46.01,2/13/2022 18:47:29,453
454,389.38,49.57,75.99,36.82,235.72,19.79,12/1/2022 04:40:18,454
455,285.81,-5.49,65.1,3.15,280.12,22.99,6/13/2022 03:17:22,455
456,872.73,21.01,73.12,62.02,131.82,51.21,1/5/2022 19:34:47,456
457,383.5,-35.5,34.25,33.95,74.37,52.07,7/15/2022 00:32:10,457
458,674.25,29.24,17.81,65.71,290.21,37.03,8/31/2022 04:33:50,458
459,517.38,-7.91,93.63,37.53,24.47,34.01,6/23/2022 20:20:55,459
460,782.74,1.8,76.09,2.38,263.55,61.07,1/11/2022 22:20:49,460
461,633.41,-21.96,50.91,35.3,121.25,9.66,12/14/2022 09:03:35,461
462,300.72,-42.97,59.05,10.36,253.58,40.94,7/16/2022 08:06:07,462
463,509.32,39.42,84.65,49.33,165.89,39.61,10/14/2022 15:58:47,463
464,863.55,28.27,51.17,94.99,54.42,81.3,11/25/2022 04:21:20,464
465,443.82,-33.83,49.21,88.36,144.2,28.25,10/24/2022 01:23:35,465
466,177.09,46.51,17.69,84.63,268.2,26.8,1/23/2022 23:24:57,466
467,974.54,-43.37,53.2,20.64,75.39,26.36,7/27/2022 02:33:19,467
468,945.76,-20.14,92.04,48.03,233.02,2.79,1/31/2022 02:16:24,468
469,882.6,26.33,66.31,1.84,93.77,91.28,4/28/2022 04:08:13,469
470,242.51,27.22,59.91,31.06,145.29,60.63,8/16/2022 09:05:06,470
471,332.73,-33.82,56.62,35.48,93.4,64.71,5/20/2022 02:28:58,471
472,721.94,-14.99,21.45,88.76,169.24,92.92,2/21/2022 13:28:16,472
473,826.31,-11.0,84.19,11.61,87.53,82.77,4/28/2022 21:31:16,473
474,700.06,-1.54,60.06,89.09,309.69,64.51,5/7/2022 16:18:14,474
475,680.34,30.82,2.71,18.11,301.56,52.17,8/19/2022 22:42:15,475
476,939.89,-46.36,36.22,1.74,265.28,92.33,9/15/2022 14:59:29,476
477,819.62,-47.69,65.34,83.32,350.41,22.21,10/19/2022 02:41:07,477
478,405.09,-40.94,96.79,14.38,137.77,24.75,9/20/2022 03:57:58,478
479,772.57,-5.87,79.97,62.34,336.89,97.3,5/31/2022 00:37:07,479
480,881.46,-18.91,53.44,93.82,352.05,21.81,10/5/2022 09:23:58,480
481,733.48,-33.03,24.29,22.09,118.11,37.23,4/10/2022 00:52:59,481
482,625.08,-32.37,82.32,31.6,207.8,37.24,6/27/2022 23:13:41,482
483,840.66,-2.19,57.79,5.7,112.41,67.45,8/9/2022 05:16:52,483
484,673.8,-7.83,63.11,29.83,249.36,61.87,6/3/2022 01:27:27,484
485,611.16,-20.07,6.47,69.81,237.43,7.89,1/12/2022 04:33:15,485
486,637.82,-36.73,76.17,6.04,171.9,16.66,9/27/2022 17:18:28,486
487,921.52,-47.48,2.55,43.16,68.64,43.99,3/10/2022 21:45:34,487
488,467.45,3.9,5.12,44.31,92.13,82.83,1/10/2022 09:38:15,488
489,998.2,34.94,67.69,4.74,350.0,77.65,1/27/2022 20:49:38,489
490,346.75,-4.69,55.33,39.49,185.42,7.44,1/19/2022 13:37:15,490
491,732.53,45.57,28.72,85.72,293.01,44.18,10/18/2022 14:38:19,491
492,92.05,22.09,32.59,42.06,216.1,9.61,12/12/2022 23:24:44,492
493,518.46,18.41,4.04,45.19,101.4,28.69,9/1/2022 07:14:29,493
494,92.75,-7.46,95.67,82.42,274.99,58.36,3/5/2022 16:40:46,494
495,707.71,42.21,42.24,69.13,251.57,0.87,8/4/2022 04:14:52,495
496,758.77,44.42,15.53,56.83,339.67,4.27,8/30/2022 20:45:21,496
497,576.14,-40.26,66.16,84.53,201.19,1.62,10/13/2022 21:02:44,497
498,73.69,2.13,52.09,4.5,150.95,0.87,2/15/2022 11:31:36,498
499,10.02,35.17,50.95,37.14,185.19,43.95,4/20/2022 14:34:33,499
500,337.28,32.42,92.58,88.5,282.12,55.2,9/14/2022 17:26:33,500
501,248.67,-25.68,93.01,79.09,110.72,88.51,7/17/2022 05:38:14,501
502,592.15,9.51,20.85,73.29,100.13,86.74,6/16/2022 13:55:33,502
503,543.15,42.48,77.68,84.38,267.13,10.13,4/22/2022 13:44:32,503
504,219.06,-18.82,29.81,1.23,345.82,71.49,2/3/2022 06:19:41,504
505,716.84,-33.8,70.11,78.84,276.0,55.25,6/5/2022 10:36:45,505
506,248.93,-29.78,8.4,40.08,229.0,83.24,5/23/2022 01:00:17,506
507,513.04,-18.81,83.06,76.82,217.56,39.56,8/7/2022 07:04:27,507
508,696.07,12.75,75.22,48.82,85.35,6.5,1/2/2022 08:41:54,508
509,958.05,16.01,6.66,0.71,358.53,53.69,3/8/2022 03:16:02,509
510,260.71,6.24,59.33,19.96,30.94,97.03,6/18/2022 19:43:51,510
511,888.44,-29.35,2.07,76.49,328.46,3.73,12/30/2022 19:29:18,511
512,497.06,-41.64,56.86,77.87,292.21,47.97,8/14/2022 23:18:57,512
513,367.21,32.38,51.91,83.99,157.87,13.03,10/30/2022 17:53:06,513
514,113.31,-13.21,54.4,80.29,212.88,53.62,2/24/2022 04:54:44,514
515,828.77,-33.07,59.29,40.27,202.9,28.88,9/11/2022 20:58:40,515
516,516.04,2.11,19.75,63.1,30.08,56.76,7/11/2022 05:12:33,516
517,163.59,2.06,54.82,24.31,94.37,64.53,12/29/2022 17:00:40,517
518,244.88,-9.47,30.75,68.24,266.57,42.51,4/14/2022 04:14:55,518
519,280.45,13.2,85.03,16.94,328.32,38.98,1/4/2022 08:38:31,519
520,639.99,44.7,44.36,66.83,69.33,98.28,4/3/2022 00:36:18,520
521,421.7,-37.4,47.94,4.37,211.96,99.79,10/25/2022 21:36:58,521
522,723.33,7.15,42.38,56.06,335.93,6.51,4/16/2022 09:49:31,522
523,431.89,7.78,78.11,15.71,134.22,16.19,6/16/2022 00:32:07,523
524,670.53,-40.74,84.33,12.04,256.81,80.25,10/3/2022 07:17:19,524
525,942.8,-6.95,75.59,61.32,347.03,12.61,8/25/2022 06:24:30,525
526,953.59,-30.0,35.98,13.59,98.69,98.87,2/15/2022 09:58:02,526
527,338.87,14.97,45.55,38.76,271.29,4.2,6/27/2022 13:10:07,527
528,354.41,18.24,99.42,53.12,176.71,88.94,4/23/2022 12:09:12,528
529,892.28,18.13,2.57,0.75,128.23,39.6,1/25/2022 18:06:47,529
530,48.17,14.47,26.11,99.32,186.64,94.05,10/10/2022 03:00:38,530
531,714.57,7.41,55.4,41.62,310.01,42.43,7/1/2022 07:15:17,531
532,682.76,43.11,73.81,99.59,257.69,8.51,1/26/2022 18:20:58,532
533,429.69,-21.48,99.49,88.39,25.82,76.61,11/7/2022 05:20:41,533
534,234.5,-13.51,28.28,66.47,164.75,89.68,3/31/2022 22:06:29,534
535,242.74,46.49,21.11,28.83,178.59,56.6,7/8/2022 10:03:23,535
536,598.19,-45.2,14.15,83.66,350.39,75.68,5/14/2022 16:48:00,536
537,731.75,11.82,60.71,36.37,151.24,74.37,12/13/2022 16:48:21,537
538,149.78,34.81,13.06,2.49,113.61,96.26,9/13/2022 15:14:27,538
539,635.78,15.65,29.23,39.04,339.78,65.78,1/28/2022 23:10:03,539
540,163.28,-28.68,84.4,74.11,98.57,41.78,8/12/2022 05:45:21,540
541,801.22,-39.4,75.4,95.57,99.76,76.59,1/15/2022 06:15:10,541
542,716.04,12.52,64.28,41.24,270.88,91.78,6/2/2022 12:45:49,542
543,508.76,32.67,39.23,23.17,123.77,50.69,8/4/2022 19:12:19,543
544,324.23,-36.06,23.59,88.09,222.89,54.17,9/22/2022 10:16:34,544
545,74.86,7.23,39.75,73.95,227.81,66.45,9/22/2022 01:40:40,545
546,785.77,-19.54,24.39,7.77,307.2,30.99,2/8/2022 07:47:58,546
547,141.05,-42.14,61.54,6.57,292.81,60.1,10/23/2022 15:45:55,547
548,412.71,-48.04,87.72,56.65,111.65,88.31,1/4/2022 02:49:41,548
549,824.57,30.09,4.76,58.91,55.47,94.6,4/17/2022 07:20:50,549
550,147.2,-32.08,43.73,85.52,85.86,91.54,6/24/2022 22:40:41,550
551,338.87,35.13,34.48,44.05,311.57,96.73,11/17/2022 16:14:50,551
552,236.28,-10.73,90.41,6.64,268.6,81.88,5/19/2022 11:24:58,552
553,54.43,-40.3,1.5,22.82,180.47,41.74,8/31/2022 01:53:18,553
554,232.78,36.94,11.42,74.59,114.05,69.83,6/9/2022 20:44:02,554
555,516.86,17.59,14.04,6.57,127.31,97.48,2/6/2022 05:56:52,555
556,958.42,33.34,34.16,52.82,254.4,96.75,1/26/2022 00:36:25,556
557,488.1,32.34,81.5,30.46,312.33,91.83,9/9/2022 00:18:10,557
558,220.32,32.98,75.53,29.91,281.1,40.65,2/23/2022 19:49:25,558
559,475.94,30.74,41.79,65.58,114.03,92.72,4/6/2022 01:35:08,559
560,8.44,-34.44,64.47,62.72,25.96,88.92,10/20/2022 20:02:43,560
561,635.94,1.26,57.47,56.68,255.75,49.81,1/8/2022 12:48:26,561
562,527.76,-16.26,55.05,19.66,20.15,28.8,4/13/2022 13:22:07,562
563,802.87,-39.03,72.23,79.36,7.84,24.78,8/10/2022 12:38:37,563
564,311.49,40.95,97.44,26.23,135.28,51.39,7/3/2022 07:11:32,564
565,511.79,-48.0,75.46,90.63,69.35,12.3,8/2/2022 07:47:07,565
566,21.28,47.47,22.67,99.78,279.93,27.31,12/27/2022 09:56:59,566
567,982.4,-26.15,35.07,78.71,54.76,39.01,5/2/2022 09:11:39,567
568,846.12,-36.2,29.5,87.21,41.59,29.71,6/11/2022 07:34:36,568
569,995.21,-31.75,36.15,85.32,320.87,10.63,9/17/2022 05:44:17,569
570,359.05,17.02,52.51,0.69,181.43,42.19,11/29/2022 14:21:02,570
571,883.4,26.99,12.1,28.87,204.61,21.08,1/24/2022 02:15:01,571
572,146.18,-26.96,54.17,74.74,300.92,20.53,10/3/2022 20:39:34,572
573,591.91,-20.4,87.93,52.88,105.03,19.49,3/28/2022 03:33:44,573
574,643.62,0.24,9.14,41.89,32.69,4.86,8/12/2022 19:57:46,574
575,302.96,-49.86,80.49,50.78,135.09,8.35,2/10/2022 21:08:31,575
576,683.34,19.02,34.78,2.27,124.44,78.99,7/27/2022 05:40:58,576
577,133.13,-36.99,78.66,76.98,94.14,48.68,10/6/2022 23:57:00,577
578,200.86,47.5,50.75,57.22,112.08,30.48,6/16/2022 09:36:27,578
579,168.75,8.44,68.63,16.61,172.72,22.26,12/14/2022 18:39:28,579
580,146.57,-27.86,52.19,39.25,44.9,20.15,4/24/2022 12:35:33,580
581,765.04,26.06,37.11,20.32,265.53,14.15,7/27/2022 17:04:35,581
582,811.97,-5.7,98.94,60.63,142.5,57.16,5/3/2022 00:41:29,582
583,301.04,-7.72,47.26,58.0,298.82,8.53,8/30/2022 12:09:56,583
584,836.46,-35.94,0.31,95.07,152.6,76.76,6/21/2022 16:14:39,584
585,864.83,-33.38,84.38,7.68,234.9,62.17,2/6/2022 08:41:41,585
586,847.78,-6.96,1.65,95.69,191.61,24.34,5/8/2022 05:20:17,586
587,519.69,-23.32,79.96,2.8,19.75,84.47,5/15/2022 15:45:57,587
588,337.01,-41.89,42.03,44.01,233.01,3.18,1/15/2022 19:36:01,588
589,558.2,-45.81,35.17,17.3,2.59,98.91,10/28/2022 08:13:31,589
590,871.68,-2.79,25.98,74.14,178.87,78.41,12/12/2022 04:28:25,590
591,237.22,-7.45,91.71,10.94,45.76,7.26,9/3/2022 12:17:43,591
592,977.35,-6.11,87.45,80.84,262.91,32.56,8/21/2022 16:20:28,592
593,394.37,13.52,85.12,43.37,98.21,75.88,3/9/2022 01:16:24,593
594,557.3,-41.98,82.02,83.95,135.1,63.48,5/15/2022 05:48:39,594
595,662.62,-6.61,11.62,79.67,12.22,29.51,6/22/2022 02:37:28,595
596,403.82,27.35,50.15,19.13,213.06,89.37,4/5/2022 09:13:09,596
597,450.68,25.43,7.2,81.12,77.42,13.92,7/5/2022 10:52:43,597
598,651.54,15.44,28.13,40.03,215.24,86.1,11/15/2022 23:27:51,598
599,149.73,35.74,46.44,66.07,286.11,84.95,10/6/2022 13:49:43,599
600,491.05,-23.3,41.14,37.08,217.07,47.65,11/2/2022 21:59:17,600
601,138.27,-45.49,39.24,12.8,318.99,92.13,6/17/2022 01:50:28,601
602,397.02,24.94,55.07,25.17,79.82,87.4,11/15/2022 22:17:28,602
603,945.76,-15.89,61.34,45.89,171.91,71.55,3/22/2022 22:14:35,603
604,128.1,-24.49,4.87,0.74,51.34,11.8,2/20/2022 23:13:46,604
605,648.6,40.1,45.79,2.2,128.28,21.74,9/19/2022 11:17:09,605
606,962.84,23.55,96.95,0.25,243.32,98.26,9/24/2022 00:36:47,606
607,807.44,-6.86,0.13,43.51,166.37,80.51,3/16/2022 01:08:56,607
608,634.57,-20.59,79.78,17.85,225.92,82.91,6/18/2022 09:57:12,608
609,862.81,-19.4,61.01,70.51,211.32,11.09,1/14/2022 20:35:12,609
610,371.74,-27.51,99.09,75.83,269.26,66.5,9/14/2022 20:40:00,610
611,98.77,-13.99,34.33,78.2,98.38,94.14,5/26/2022 00:35:44,611
612,694.96,-20.03,2.44,11.35,130.26,97.35,5/27/2022 09:57:03,612
613,902.1,25.06,93.43,7.4,66.52,40.51,4/2/2022 00:36:11,613
614,663.07,-38.57,55.94,5.68,79.12,88.35,5/7/2022 17:32:18,614
615,384.5,22.34,35.36,8.47,284.33,18.84,9/20/2022 13:02:16,615
616,161.64,-46.88,84.23,17.74,85.95,90.68,4/3/2022 13:21:44,616
617,908.25,32.2,86.64,25.78,1.06,63.66,3/15/2022 09:25:30,617
618,761.91,-33.7,43.13,59.02,298.31,7.69,5/21/2022 02:25:28,618
619,480.56,37.15,25.8,20.41,109.95,97.72,5/1/2022 03:24:10,619
620,892.82,18.66,93.88,32.37,20.21,28.71,10/10/2022 18:41:55,620
621,608.53,33.29,58.4,14.75,95.98,83.13,9/3/2022 22:12:56,621
622,894.8,4.58,3.37,9.2,323.62,95.75,10/11/2022 22:55:31,622
623,280.37,14.4,52.06,59.82,272.6,23.72,10/25/2022 05:24:06,623
624,92.35,-15.18,42.8,75.9,196.0,87.4,2/17/2022 12:10:36,624
625,384.15,-1.58,53.95,67.01,356.46,33.52,1/30/2022 11:38:28,625
626,812.84,-22.92,83.3,59.68,177.46,54.5,1/3/2022 00:54:53,626
627,675.47,-37.42,77.73,31.36,295.16,36.79,1/27/2022 16:22:51,627
628,806.13,8.69,3.55,75.34,71.32,63.78,6/17/2022 20:50:47,628
629,526.8,-24.77,36.47,5.42,14.63,69.62,4/18/2022 14:07:32,629
630,61.17,-49.01,44.91,70.85,294.13,93.4,10/23/2022 18:42:46,630
631,222.73,-15.37,8.37,75.3,337.76,88.07,2/25/2022 17:25:58,631
632,277.86,-31.41,78.57,97.64,231.83,67.03,3/6/2022 08:56:25,632
633,320.11,18.61,2.76,74.86,116.03,50.91,10/10/2022 22:41:11,633
634,12.63,8.01,50.77,42.51,184.5,36.65,1/4/2022 01:30:19,634
635,730.37,-31.46,18.98,41.4,22.6,59.23,2/10/2022 21:02:34,635
636,897.56,-20.95,59.47,63.41,267.33,47.2,6/30/2022 14:11:04,636
637,592.6,41.0,42.07,68.65,265.72,88.35,3/1/2022 16:20:50,637
638,655.46,13.83,60.95,80.82,51.02,3.22,4/7/2022 19:12:21,638
639,131.28,-14.93,59.68,87.57,31.72,34.78,2/16/2022 13:55:27,639
640,199.39,1.8,49.85,60.16,73.58,46.03,8/21/2022 08:05:16,640
641,547.31,-34.8,21.75,6.28,174.85,8.96,4/22/2022 00:43:09,641
642,652.03,47.57,34.3,75.81,128.67,48.16,6/30/2022 20:40:12,642
643,752.58,-4.56,88.45,89.46,139.96,15.57,12/5/2022 16:33:40,643
644,607.63,10.81,42.93,83.92,242.91,69.18,2/19/2022 09:54:09,644
645,846.9,-27.0,51.05,17.91,66.91,23.78,3/9/2022 21:46:20,645
646,52.27,-35.56,50.45,8.72,51.63,65.8,4/25/2022 08:10:55,646
647,812.3,35.46,83.55,27.55,208.66,24.54,2/19/2022 02:57:36,647
648,924.52,-25.95,22.48,63.39,256.3,39.26,5/25/2022 22:30:53,648
649,634.07,-44.7,21.47,78.74,127.46,72.89,9/13/2022 04:23:54,649
650,371.57,16.75,75.33,91.78,243.15,41.01,6/29/2022 09:24:25,650
651,171.03,42.88,94.3,11.98,95.43,78.12,5/23/2022 18:41:30,651
652,499.59,7.38,31.49,29.66,87.19,7.25,3/19/2022 03:45:02,652
653,686.17,-13.04,11.67,88.19,85.39,54.59,9/25/2022 20:25:09,653
654,454.89,-7.49,40.35,40.66,302.13,33.83,2/8/2022 02:40:00,654
655,372.56,-1.09,0.52,52.09,310.51,25.95,3/9/2022 21:23:07,655
656,506.52,-13.68,6.39,71.83,156.28,15.34,4/11/2022 09:12:38,656
657,270.33,-42.15,45.22,80.09,64.42,23.34,12/22/2022 06:47:04,657
658,464.56,32.75,54.72,9.93,84.19,63.77,6/8/2022 14:57:18,658
659,323.94,-30.87,78.61,5.28,307.52,96.67,8/20/2022 06:02:55,659
660,678.27,2.45,85.9,88.6,333.56,25.26,5/16/2022 02:44:22,660
661,495.23,5.32,91.34,86.17,184.38,65.84,1/28/2022 12:05:16,661
662,708.82,8.28,49.85,1.33,331.77,26.63,8/5/2022 11:38:30,662
663,849.29,-43.2,9.0,52.4,249.29,45.23,8/11/2022 20:58:06,663
664,526.62,-25.57,70.12,12.36,337.57,93.89,6/25/2022 22:40:39,664
665,77.49,28.31,22.06,40.71,273.83,6.31,5/9/2022 14:34:22,665
666,487.45,-2.23,30.31,33.52,137.8,67.51,4/4/2022 15:40:03,666
667,207.59,-21.33,24.71,73.01,321.15,19.85,6/10/2022 15:02:33,667
668,752.15,32.09,36.25,12.31,155.89,90.28,3/8/2022 17:50:12,668
669,376.4,14.92,58.67,26.99,297.66,62.6,1/27/2022 06:19:04,669
670,856.37,45.26,83.23,68.9,94.79,24.84,5/10/2022 04:40:36,670
671,966.77,33.87,94.8,49.22,121.7,21.72,5/5/2022 00:05:12,671
672,83.04,31.57,71.04,35.27,345.57,5.18,3/3/2022 19:06:54,672
673,598.3,25.02,77.9,83.83,268.35,39.11,9/7/2022 21:58:57,673
674,601.8,16.59,43.66,68.12,89.21,5.82,7/23/2022 01:51:06,674
675,310.1,11.07,43.22,99.9,305.97,6.9,3/27/2022 14:49:28,675
676,199.82,6.31,69.3,26.16,286.71,42.03,4/1/2022 08:27:37,676
677,182.42,-40.11,61.2,81.57,127.74,89.92,7/22/2022 03:32:26,677
678,373.7,-9.64,92.35,68.34,174.34,27.55,6/21/2022 23:57:59,678
679,139.1,27.82,72.42,22.07,103.52,98.88,6/24/2022 15:04:21,679
680,673.73,-47.55,45.43,77.47,119.86,0.6,12/6/2022 22:27:43,680
681,59.74,-30.12,35.53,71.29,102.8,23.01,11/7/2022 12:39:56,681
682,276.93,25.33,44.71,50.09,91.59,83.02,10/5/2022 00:53:23,682
683,261.67,-40.5,2.29,34.23,36.72,8.01,5/14/2022 07:18:12,683
684,996.58,43.25,81.68,97.93,113.0,76.96,12/1/2022 09:54:32,684
685,165.04,-46.34,69.76,53.46,159.88,9.1,2/24/2022 02:08:51,685
686,983.59,25.46,19.71,79.67,297.55,27.27,7/24/2022 20:55:01,686
687,958.66,-44.05,13.58,99.81,78.33,35.82,1/3/2022 23:00:57,687
688,565.54,-36.04,70.75,74.29,172.11,58.58,11/1/2022 11:24:15,688
689,785.08,47.53,52.07,75.97,302.19,66.24,4/6/2022 06:24:13,689
690,551.08,8.34,11.07,69.72,268.43,90.07,6/5/2022 08:46:02,690
691,178.04,24.46,18.73,22.98,146.18,78.77,9/18/2022 19:06:03,691
692,690.98,-9.02,56.27,72.88,106.51,33.8,11/1/2022 03:56:01,692
693,680.96,20.05,52.04,28.55,182.0,27.91,2/10/2022 21:14:25,693
694,187.08,-15.8,5.14,17.96,358.23,38.85,2/6/2022 12:44:59,694
695,526.12,21.49,88.49,88.28,279.44,58.24,8/14/2022 02:40:14,695
696,351.12,25.42,18.76,24.13,50.83,47.29,7/29/2022 04:41:12,696
697,612.54,32.98,31.8,55.36,186.01,54.65,10/18/2022 07:35:12,697
698,952.03,-47.56,36.17,16.56,286.83,59.82,5/15/2022 00:58:42,698
699,602.17,-38.83,96.32,12.87,78.48,4.7,4/5/2022 02:43:56,699
700,183.92,38.0,14.37,27.35,289.47,81.77,11/23/2022 12:29:02,700
701,941.13,0.15,9.21,64.28,215.58,61.59,3/15/2022 09:46:17,701
702,244.05,-12.83,49.13,40.0,220.98,89.53,10/9/2022 07:36:13,702
703,414.31,-40.99,87.11,40.94,17.43,64.36,1/2/2022 05:05:31,703
704,236.8,7.25,68.12,58.78,120.68,36.33,2/25/2022 23:50:07,704
705,524.19,-13.46,33.48,59.29,57.05,68.9,4/25/2022 11:25:09,705
706,603.85,-12.29,94.95,65.43,356.52,68.67,1/5/2022 22:49:36,706
707,746.12,-7.85,66.35,73.63,5.58,17.45,8/15/2022 18:43:48,707
708,866.93,48.22,23.42,43.89,24.87,17.97,7/17/2022 03:08:21,708
709,46.42,26.92,78.39,30.21,229.57,39.5,8/6/2022 14:39:51,709
710,375.94,-39.67,51.0,58.76,341.55,91.5,6/27/2022 23:46:10,710
711,894.01,-38.32,52.57,94.59,121.0,24.76,3/25/2022 10:04:05,711
712,675.89,-31.49,69.5,57.25,234.58,32.83,7/22/2022 22:44:57,712
713,292.94,-36.54,73.13,75.15,320.1,82.12,3/15/2022 09:21:28,713
714,309.28,11.65,79.8,13.24,359.3,53.83,10/15/2022 14:58:39,714
715,420.58,-26.72,0.08,72.51,27.36,51.7,11/12/2022 11:09:47,715
716,641.5,-24.67,82.54,31.99,5.81,7.32,11/18/2022 22:45:45,716
717,796.49,19.3,16.53,33.46,211.68,88.77,6/13/2022 13:26:18,717
718,855.2,3.88,82.05,12.45,329.08,97.7,4/11/2022 20:16:04,718
719,724.59,31.08,73.6,90.03,119.67,43.66,10/29/2022 10:17:28,719
720,682.11,28.54,67.7,7.34,153.95,52.7,11/19/2022 01:56:27,720
721,222.03,32.78,3.26,67.19,62.13,55.29,2/25/2022 18:12:24,721
722,297.77,13.01,19.57,47.0,20.42,34.68,12/6/2022 09:10:59,722
723,597.31,-5.42,4.15,79.22,36.97,99.78,1/29/2022 17:43:23,723
724,63.12,22.81,44.98,7.49,118.12,95.17,2/5/2022 05:09:13,724
725,910.92,37.36,17.24,27.79,256.64,91.11,9/5/2022 08:14:35,725
726,383.45,4.03,49.3,0.17,223.67,96.85,5/21/2022 07:17:57,726
727,895.12,-25.48,9.63,76.51,233.67,81.26,1/24/2022 08:17:01,727
728,666.46,37.39,29.98,10.17,354.67,29.15,11/24/2022 17:19:49,728
729,959.17,15.97,22.61,56.9,163.11,56.7,10/26/2022 15:25:36,729
730,832.21,-31.01,99.4,74.01,195.53,70.93,7/4/2022 12:47:14,730
731,204.7,-31.7,33.55,43.42,326.44,0.48,9/26/2022 19:30:32,731
732,867.73,44.49,65.79,99.9,320.81,18.73,11/27/2022 08:55:14,732
733,315.92,-14.72,71.72,72.68,292.22,49.4,8/5/2022 04:08:13,733
734,897.56,-15.63,98.53,8.05,190.86,5.54,11/22/2022 00:30:50,734
735,234.93,13.26,45.19,50.27,132.07,13.49,8/24/2022 06:53:32,735
736,41.92,10.85,66.5,6.87,106.16,65.41,1/18/2022 08:04:04,736
737,344.48,10.95,8.66,55.26,219.95,6.76,3/23/2022 14:15:17,737
738,110.25,-35.13,34.47,36.15,291.88,98.72,1/29/2022 20:04:08,738
739,0.81,16.32,89.42,11.82,238.78,32.53,6/8/2022 12:56:29,739
740,667.84,5.84,45.73,46.04,237.28,4.15,1/11/2022 02:46:39,740
741,161.15,-29.55,21.73,11.33,103.5,6.24,2/11/2022 14:07:20,741
742,771.43,-28.23,17.3,67.13,54.39,13.87,1/30/2022 05:23:31,742
743,311.31,-15.99,4.8,39.62,46.33,90.08,11/13/2022 11:40:33,743
744,158.13,44.57,85.08,47.2,239.02,36.73,6/5/2022 03:10:31,744
745,656.57,-40.12,44.18,66.43,157.96,73.97,6/26/2022 07:40:21,745
746,957.79,44.17,9.22,44.76,202.05,96.1,5/29/2022 07:48:58,746
747,300.52,43.34,70.88,32.11,132.37,20.03,6/17/2022 15:42:50,747
748,393.11,1.36,56.42,49.16,203.29,18.98,11/8/2022 05:54:09,748
749,578.45,-4.86,79.48,82.49,181.4,22.96,4/22/2022 07:32:51,749
750,39.38,35.28,97.4,91.83,231.97,60.0,8/19/2022 18:54:50,750
751,487.96,-37.53,91.44,89.17,147.28,82.44,3/23/2022 12:08:24,751
752,428.08,48.76,0.46,69.57,50.29,62.3,10/27/2022 18:04:33,752
753,131.33,-9.23,19.42,4.03,26.21,90.52,5/22/2022 13:46:28,753
754,912.43,6.08,94.6,41.83,280.88,90.4,1/7/2022 18:30:02,754
755,311.61,25.56,23.49,27.13,207.75,51.82,7/14/2022 14:50:34,755
756,317.58,6.16,74.78,5.97,19.64,17.65,9/12/2022 12:51:13,756
757,443.65,18.1,2.66,97.28,300.12,85.55,11/15/2022 12:44:27,757
758,682.79,-32.91,0.04,46.28,109.11,44.23,11/18/2022 14:15:53,758
759,464.06,-9.0,20.61,11.36,59.13,37.47,2/15/2022 13:24:17,759
760,443.98,-38.0,42.11,11.38,222.87,54.65,5/13/2022 01:41:08,760
761,32.92,-16.2,6.73,73.97,20.39,30.21,9/13/2022 09:23:12,761
762,589.41,-41.33,57.1,41.99,178.91,15.92,11/13/2022 14:32:00,762
763,795.78,13.66,79.69,22.68,121.98,74.01,3/25/2022 13:39:41,763
764,59.75,-49.47,7.96,88.61,288.6,63.2,6/17/2022 08:27:16,764
765,249.74,22.07,17.77,98.6,269.52,54.12,9/16/2022 06:20:51,765
766,510.02,-31.91,23.02,28.72,320.06,81.33,5/23/2022 01:33:14,766
767,875.36,-49.9,96.57,74.61,80.07,13.49,4/5/2022 19:02:46,767
768,173.57,-42.06,49.13,99.27,162.18,77.92,2/27/2022 21:29:46,768
769,546.74,9.61,89.42,78.47,326.93,78.05,9/5/2022 19:21:33,769
770,271.73,-12.83,69.79,97.76,347.12,72.53,12/23/2022 04:58:36,770
771,50.03,-17.21,48.26,14.2,92.1,68.06,4/4/2022 13:37:58,771
772,849.67,-44.82,85.08,88.91,231.61,39.5,10/12/2022 15:27:49,772
773,346.95,35.01,10.46,69.36,212.35,6.45,7/5/2022 21:21:26,773
774,285.14,-30.72,95.69,79.09,12.23,41.47,7/12/2022 14:31:03,774
775,628.58,-35.3,26.65,73.44,211.4,34.1,4/21/2022 23:40:44,775
776,835.91,16.66,5.82,64.25,4.63,34.46,1/31/2022 10:07:34,776
777,674.4,-35.96,97.67,65.31,11.27,35.44,8/8/2022 18:24:18,777
778,88.39,-14.65,28.83,33.03,263.94,72.84,8/23/2022 12:40:56,778
779,631.88,0.46,67.73,51.16,61.5,93.67,3/20/2022 15:48:46,779
780,413.65,45.16,4.78,20.07,58.42,83.42,6/4/2022 06:28:00,780
781,423.21,-49.3,44.43,27.41,80.01,23.05,12/23/2022 11:41:11,781
782,93.48,10.18,18.87,69.11,269.61,54.45,6/15/2022 15:50:23,782
783,542.16,15.21,20.69,81.73,138.17,55.13,9/22/2022 01:41:41,783
784,281.4,16.03,38.94,4.77,172.62,37.51,5/20/2022 20:03:03,784
785,749.99,-4.74,84.34,67.85,208.45,8.2,3/4/2022 03:52:10,785
786,687.63,48.67,62.88,48.67,55.36,2.38,4/26/2022 21:36:09,786
787,451.97,-6.81,75.94,75.54,269.96,33.69,1/8/2022 09:44:24,787
788,920.11,-38.97,78.71,12.48,80.57,40.45,11/4/2022 23:18:14,788
789,451.65,-5.18,36.07,19.8,156.62,83.93,1/12/2022 05:41:29,789
790,61.65,-1.19,30.92,32.08,52.68,64.22,7/24/2022 00:37:23,790
791,949.74,-4.67,27.33,17.69,25.81,31.43,5/7/2022 00:27:08,791
792,178.25,28.26,1.08,15.8,2.8,71.4,12/24/2022 06:33:11,792
793,576.81,34.58,77.33,97.37,262.75,46.76,11/17/2022 04:29:36,793
794,781.25,37.17,21.58,78.78,136.85,64.2,4/20/2022 20:59:00,794
795,752.26,48.77,27.01,89.35,118.32,68.73,2/2/2022 07:48:56,795
796,715.79,33.15,97.62,73.5,334.32,70.76,9/2/2022 23:06:22,796
797,40.89,23.6,65.39,78.84,49.43,27.7,3/5/2022 09:42:45,797
798,639.17,-45.16,77.44,5.5,247.91,52.53,12/26/2022 07:11:00,798
799,933.19,-5.54,20.24,0.38,251.59,95.32,11/17/2022 18:48:12,799
800,595.77,-33.45,17.68,69.33,337.56,29.42,4/26/2022 04:31:11,800
801,366.66,-40.45,18.58,16.7,287.94,63.09,5/8/2022 03:24:52,801
802,10.94,-44.01,31.84,75.42,345.56,7.62,8/24/2022 02:23:43,802
803,590.38,-10.88,14.44,55.2,21.83,43.14,9/19/2022 17:27:12,803
804,726.59,42.43,8.76,4.03,283.97,80.66,1/31/2022 07:34:21,804
805,455.67,-0.89,67.44,7.64,48.0,12.66,4/11/2022 02:54:54,805
806,879.58,2.07,12.31,27.74,354.26,60.56,6/27/2022 14:03:58,806
807,937.09,40.28,52.59,75.87,316.91,6.26,4/7/2022 00:27:25,807
808,95.64,-10.43,88.73,40.14,26.51,19.83,9/1/2022 07:30:22,808
809,15.26,-9.27,65.3,19.74,1.38,58.61,6/11/2022 05:40:46,809
810,181.02,25.47,87.06,21.76,23.27,64.27,1/5/2022 13:30:56,810
811,257.48,-3.7,49.32,52.64,139.13,60.27,6/18/2022 21:47:44,811
812,447.36,-10.72,89.09,5.86,38.27,76.37,2/21/2022 13:46:11,812
813,315.24,-21.81,0.76,56.28,70.87,96.13,2/23/2022 16:28:02,813
814,38.01,-35.38,22.47,39.42,31.67,87.07,10/17/2022 01:42:57,814
815,633.6,1.9,86.14,97.82,18.05,71.64,3/27/2022 07:12:38,815
816,685.3,-38.52,10.14,7.09,239.0,40.19,10/11/2022 00:59:29,816
817,849.77,19.61,10.38,64.97,318.04,3.31,4/1/2022 22:03:50,817
818,635.45,45.45,6.85,10.01,266.44,56.29,4/18/2022 22:42:49,818
819,520.23,-26.5,13.12,71.5,289.81,31.07,8/20/2022 22:51:58,819
820,573.85,17.79,79.25,10.36,278.16,54.23,10/16/2022 16:12:23,820
821,153.53,6.38,97.66,88.88,59.4,97.13,9/26/2022 19:20:59,821
822,34.74,-27.9,26.1,16.05,234.05,82.58,11/26/2022 23:04:18,822
823,291.69,3.52,58.69,90.22,151.59,92.69,7/10/2022 21:23:38,823
824,651.33,1.49,83.58,8.11,315.03,57.35,6/21/2022 06:15:14,824
825,865.95,35.38,5.69,54.15,266.21,11.54,5/30/2022 08:10:01,825
826,537.08,14.04,29.28,51.02,183.28,23.09,8/23/2022 06:21:28,826
827,209.85,19.07,42.24,96.26,108.73,0.32,5/6/2022 06:05:36,827
828,685.36,-49.7,1.89,54.61,48.1,13.97,1/28/2022 02:02:23,828
829,533.1,-11.88,88.5,16.52,309.62,93.97,4/27/2022 18:02:31,829
830,556.41,-26.1,37.44,7.69,292.33,53.12,5/10/2022 00:19:04,830
831,639.57,-47.22,24.29,67.01,119.32,98.96,12/27/2022 15:24:51,831
832,984.25,-3.09,23.26,69.8,302.35,2.31,8/14/2022 02:21:40,832
833,59.13,2.22,78.0,89.17,143.14,30.22,11/24/2022 04:16:29,833
834,224.18,-44.14,19.28,66.91,164.66,38.32,9/13/2022 05:01:43,834
835,410.34,35.29,63.4,58.81,76.28,49.1,11/3/2022 07:47:42,835
836,204.02,48.64,99.66,85.67,26.87,54.33,4/11/2022 15:23:14,836
837,708.83,-12.96,19.53,34.56,251.13,37.52,3/24/2022 13:35:40,837
838,786.97,11.06,6.9,55.73,322.24,90.05,2/24/2022 15:38:43,838
839,243.85,-38.81,59.0,39.15,114.07,13.4,11/28/2022 17:25:42,839
840,252.18,-48.77,12.56,65.81,339.53,48.78,6/27/2022 18:24:04,840
841,683.35,-15.93,52.25,37.33,247.19,70.35,7/24/2022 02:30:43,841
842,266.0,-9.48,64.28,25.71,332.75,16.25,5/17/2022 03:23:46,842
843,289.91,-29.23,42.56,79.14,327.27,81.35,4/21/2022 15:40:06,843
844,399.96,-11.91,28.91,85.62,94.44,87.39,9/2/2022 04:26:27,844
845,490.31,25.58,41.79,61.27,147.26,60.5,2/25/2022 08:37:41,845
846,173.34,-26.98,82.05,87.73,30.37,96.4,6/29/2022 00:10:55,846
847,498.47,7.14,89.5,30.24,128.35,86.3,11/7/2022 05:11:17,847
848,674.29,10.36,94.31,8.4,263.39,97.01,6/12/2022 15:45:10,848
849,343.41,1.21,69.09,74.4,316.25,37.6,8/24/2022 01:59:42,849
850,690.12,-21.88,52.21,66.56,40.84,65.18,5/8/2022 11:59:08,850
851,120.22,-36.9,60.53,13.21,99.05,10.62,8/11/2022 06:10:26,851
852,585.24,-34.76,56.91,1.99,77.98,33.18,6/24/2022 12:15:48,852
853,901.86,6.59,46.89,78.55,145.64,52.75,6/14/2022 21:37:48,853
854,966.46,-17.68,53.19,52.01,174.74,83.53,1/11/2022 22:53:25,854
855,904.56,-12.75,73.36,20.59,189.92,79.09,9/9/2022 14:05:52,855
856,26.72,18.02,93.45,15.64,130.12,59.18,7/24/2022 09:22:38,856
857,823.54,26.17,39.71,19.63,85.85,86.19,11/27/2022 05:29:06,857
858,195.95,43.91,42.48,55.49,319.6,39.44,4/7/2022 19:54:33,858
859,989.71,43.48,20.26,26.97,275.09,26.0,2/9/2022 11:20:49,859
860,222.87,-1.41,38.28,23.85,13.56,29.62,10/4/2022 03:25:44,860
861,749.0,41.31,18.61,35.74,281.92,47.26,2/17/2022 07:03:40,861
862,568.04,43.91,91.19,35.38,147.75,58.42,5/28/2022 09:13:58,862
863,245.03,-17.6,30.51,63.03,80.0,62.73,3/10/2022 09:56:41,863
864,344.23,13.19,49.81,52.32,230.31,67.45,4/17/2022 13:48:38,864
865,931.35,49.52,97.64,8.56,68.57,57.72,3/12/2022 19:56:22,865
866,88.43,-15.16,91.24,6.77,158.37,89.94,8/25/2022 03:30:02,866
867,169.91,-15.93,60.69,72.45,60.96,59.91,8/17/2022 22:15:22,867
868,648.8,11.29,90.15,1.26,153.01,15.8,5/21/2022 19:40:28,868
869,659.42,15.5,63.76,5.43,199.49,33.75,7/6/2022 10:17:18,869
870,427.49,44.29,75.08,35.86,324.98,23.3,3/29/2022 18:15:04,870
871,712.74,-11.73,60.78,59.69,242.5,5.33,9/23/2022 21:25:07,871
872,689.74,5.46,6.76,11.14,332.7,85.37,5/26/2022 03:59:51,872
873,75.85,6.3,18.7,31.43,97.53,8.02,11/2/2022 18:40:56,873
874,615.34,7.43,49.52,23.87,225.42,74.47,4/24/2022 07:22:27,874
875,995.93,-15.57,98.95,91.19,195.28,26.11,3/26/2022 06:55:28,875
876,701.43,-16.2,99.39,68.59,224.68,75.1,10/2/2022 01:27:07,876
877,291.53,6.95,86.83,60.79,3.38,79.02,11/11/2022 12:36:53,877
878,493.43,-41.67,73.55,74.83,306.56,91.03,9/11/2022 02:31:17,878
879,532.85,-42.66,89.35,19.15,62.51,63.0,1/18/2022 01:48:23,879
880,586.27,23.47,51.73,13.96,64.65,48.65,3/21/2022 11:21:52,880
881,685.57,10.1,15.97,59.28,197.0,35.22,7/1/2022 14:54:54,881
882,140.76,-16.29,46.01,47.06,170.68,44.09,9/3/2022 08:14:55,882
883,441.47,8.02,44.85,7.2,189.91,15.9,4/15/2022 13:38:55,883
884,480.94,13.78,42.34,83.73,163.1,6.52,7/19/2022 12:07:33,884
885,986.19,-34.88,29.04,21.02,254.23,62.3,1/6/2022 16:40:27,885
886,379.06,19.25,88.05,83.24,37.08,73.87,7/4/2022 14:02:23,886
887,148.23,-18.2,11.2,70.9,104.61,5.25,9/25/2022 18:47:42,887
888,917.7,-4.22,51.25,80.47,355.14,41.04,6/10/2022 13:30:50,888
889,673.12,3.99,55.29,98.67,181.59,0.92,12/9/2022 22:59:05,889
890,477.43,-29.14,32.82,9.42,34.75,1.59,11/26/2022 07:29:59,890
891,959.02,-46.45,87.77,21.04,117.36,58.78,6/5/2022 18:25:53,891
892,575.79,2.69,72.92,43.01,319.57,95.4,5/28/2022 13:55:48,892
893,901.06,48.83,6.68,13.11,213.79,55.37,5/5/2022 09:00:02,893
894,181.99,9.59,54.88,53.97,196.7,68.31,1/19/2022 19:38:32,894
895,420.42,33.8,44.76,51.28,347.23,66.9,2/2/2022 03:44:05,895
896,93.07,-10.42,77.37,63.02,58.86,79.86,11/2/2022 02:15:13,896
897,88.56,-31.9,53.19,9.52,287.83,21.29,10/10/2022 09:00:20,897
898,723.62,1.52,97.34,38.05,266.81,90.46,7/17/2022 14:49:44,898
899,566.22,-48.88,51.42,56.06,323.03,2.28,9/15/2022 07:55:50,899
900,198.54,-23.14,7.74,2.55,196.72,68.22,10/23/2022 19:48:16,900
901,28.8,-33.21,55.62,73.1,96.77,49.34,1/2/2022 20:13:34,901
902,89.8,5.65,41.24,3.47,280.99,12.18,2/6/2022 22:45:21,902
903,884.78,31.72,53.52,53.69,198.37,98.08,7/13/2022 22:48:14,903
904,655.61,-31.42,59.98,39.42,36.73,70.15,8/20/2022 00:52:58,904
905,81.32,-47.12,40.58,60.09,212.44,72.86,5/24/2022 09:05:32,905
906,28.96,22.28,4.36,89.86,303.89,72.54,4/19/2022 17:21:57,906
907,852.27,48.01,15.34,16.14,27.28,0.77,12/17/2022 13:24:44,907
908,516.3,-14.36,95.88,29.28,295.53,4.06,6/20/2022 11:27:21,908
909,489.74,-9.35,25.56,71.63,73.76,84.82,1/9/2022 01:48:38,909
910,544.44,47.38,2.92,83.9,230.02,61.39,4/9/2022 16:37:18,910
911,116.0,34.0,63.96,56.83,251.93,7.42,10/14/2022 12:21:17,911
912,738.05,-27.13,70.1,91.66,253.63,17.87,4/27/2022 12:08:20,912
913,143.0,-26.32,70.57,99.86,211.03,75.2,9/12/2022 17:54:31,913
914,397.06,36.16,9.7,61.35,230.49,37.56,4/4/2022 15:00:49,914
915,780.13,1.75,24.13,0.01,176.19,89.42,7/6/2022 17:04:44,915
916,943.56,-28.6,39.72,88.89,226.64,70.48,3/4/2022 05:10:49,916
917,600.56,-0.8,75.79,12.06,266.01,40.18,12/13/2022 00:38:58,917
918,291.55,-21.21,11.09,93.68,109.95,31.05,12/26/2022 18:07:57,918
919,940.78,-24.75,6.42,90.19,53.81,43.78,11/7/2022 10:22:47,919
920,69.56,10.57,77.73,16.07,18.28,81.98,12/19/2022 21:22:38,920
921,778.9,-49.75,53.89,23.74,291.44,98.68,10/21/2022 09:37:46,921
922,618.57,-31.67,65.57,83.23,171.97,64.0,7/14/2022 21:39:02,922
923,296.24,12.35,79.78,16.67,192.31,67.86,5/16/2022 20:00:05,923
924,900.4,-27.15,8.13,31.98,278.33,26.86,12/24/2022 04:40:37,924
925,537.24,-30.59,61.45,39.78,133.79,2.02,2/20/2022 06:47:02,925
926,944.5,8.06,38.76,98.89,61.1,52.43,11/6/2022 15:13:48,926
927,178.15,-29.49,14.02,36.8,10.24,52.77,11/27/2022 15:42:53,927
928,532.69,-2.02,54.75,44.1,309.92,14.79,11/22/2022 17:54:05,928
929,192.08,-31.48,43.5,3.38,126.35,3.03,11/29/2022 07:30:15,929
930,603.14,42.19,97.14,50.86,227.32,72.08,7/17/2022 16:23:41,930
931,484.43,-15.54,75.86,49.84,290.79,34.68,7/26/2022 06:46:27,931
932,924.55,25.04,84.92,75.44,105.6,5.54,1/8/2022 09:51:26,932
933,324.39,-28.91,76.56,26.81,214.81,54.93,4/19/2022 14:19:21,933
934,172.47,10.22,87.64,35.02,166.2,97.54,9/30/2022 00:40:55,934
935,739.02,-28.43,39.98,21.77,264.96,38.84,3/24/2022 18:17:49,935
936,192.04,36.82,3.59,82.82,22.25,88.22,10/4/2022 18:53:38,936
937,629.78,18.85,21.4,81.1,127.46,40.58,10/4/2022 04:01:46,937
938,164.43,-43.47,11.77,84.85,334.26,20.58,4/10/2022 21:18:04,938
939,796.26,-31.05,39.72,75.15,170.06,56.89,5/23/2022 00:16:08,939
940,292.47,-42.99,6.43,86.5,38.91,60.9,4/19/2022 12:05:52,940
941,416.83,38.74,87.14,53.77,136.62,19.59,8/31/2022 17:01:55,941
942,558.35,27.23,19.15,65.56,22.79,96.31,3/13/2022 06:46:50,942
943,580.62,41.61,13.17,88.85,311.92,76.99,8/13/2022 07:54:24,943
944,978.94,37.45,15.1,43.46,12.84,59.18,3/7/2022 09:06:54,944
945,285.21,38.03,59.27,40.38,268.1,6.17,7/1/2022 23:07:41,945
946,209.01,1.02,47.64,24.25,74.4,61.96,8/14/2022 22:32:22,946
947,598.76,45.93,27.22,70.07,293.43,84.94,1/2/2022 19:11:52,947
948,134.43,42.65,56.17,92.7,115.45,33.96,6/22/2022 23:54:54,948
949,736.58,-43.08,30.78,10.01,110.67,38.14,4/30/2022 00:33:49,949
950,231.68,-34.37,72.37,32.9,165.64,26.2,4/27/2022 17:17:07,950
951,995.6,-21.94,28.74,44.53,302.29,62.77,10/15/2022 08:07:25,951
952,272.97,-14.68,18.53,71.45,149.87,66.69,10/6/2022 16:57:16,952
953,828.34,19.52,8.61,41.26,189.75,67.31,2/17/2022 16:00:33,953
954,792.1,2.21,7.65,62.78,158.46,57.79,6/9/2022 04:38:59,954
955,249.38,1.36,3.74,65.71,65.37,74.26,1/22/2022 22:57:55,955
956,262.67,4.42,30.06,61.92,350.65,51.35,9/17/2022 00:45:53,956
957,431.61,22.77,88.62,18.69,111.67,33.1,2/14/2022 06:56:19,957
958,480.22,42.78,78.15,43.62,62.61,93.95,3/2/2022 14:26:23,958
959,567.89,11.53,87.59,87.98,255.69,19.26,12/15/2022 13:03:45,959
960,932.04,14.08,89.68,77.57,227.63,47.73,11/8/2022 16:19:39,960
961,506.35,-17.58,97.85,93.44,152.83,9.35,8/15/2022 21:03:45,961
962,33.55,13.58,28.38,85.96,55.61,67.38,2/12/2022 15:09:14,962
963,450.84,48.7,15.43,0.42,144.33,77.64,6/27/2022 03:49:02,963
964,497.65,-41.12,74.75,52.48,126.28,58.49,3/20/2022 00:34:24,964
965,871.26,-21.7,55.24,10.33,120.74,33.01,4/23/2022 18:05:41,965
966,628.13,-25.15,47.2,44.24,129.13,39.22,4/4/2022 10:37:39,966
967,1.18,-23.76,63.04,73.66,37.03,63.01,11/26/2022 07:19:56,967
968,413.66,-17.34,53.02,61.54,203.29,58.53,7/23/2022 00:05:42,968
969,689.89,32.51,62.5,58.11,203.07,35.3,3/13/2022 11:46:37,969
970,743.48,19.53,82.77,8.05,237.93,26.59,3/21/2022 19:09:20,970
971,183.17,31.87,27.22,41.05,276.95,9.63,10/25/2022 15:05:08,971
972,159.25,0.23,95.62,41.5,308.61,0.49,2/24/2022 21:38:26,972
973,850.33,48.47,56.3,83.12,252.32,74.47,3/11/2022 01:01:39,973
974,574.34,-45.48,5.67,73.11,220.78,27.03,6/2/2022 14:28:55,974
975,943.71,27.49,18.75,3.67,304.68,29.28,11/8/2022 21:25:45,975
976,176.34,-32.77,26.98,37.91,214.91,35.77,10/25/2022 03:42:21,976
977,632.04,7.23,89.85,77.37,46.46,43.19,8/17/2022 05:29:19,977
978,76.69,-23.37,11.13,51.11,2.11,71.78,4/6/2022 03:09:29,978
979,445.36,6.3,64.81,7.71,240.71,50.63,4/29/2022 13:12:32,979
980,750.77,-15.28,85.84,98.24,260.38,73.15,5/7/2022 06:14:41,980
981,577.03,-18.33,76.04,4.95,42.44,8.78,8/2/2022 17:59:03,981
982,413.22,-39.84,46.27,48.51,300.91,89.14,1/19/2022 04:10:15,982
983,77.25,24.74,16.27,8.61,350.76,28.54,8/31/2022 19:00:07,983
984,239.0,-17.87,30.96,73.47,58.24,65.13,7/26/2022 05:10:42,984
985,612.23,40.25,37.43,68.94,31.38,60.9,10/22/2022 04:02:13,985
986,154.81,-0.62,12.34,35.32,52.08,5.36,10/3/2022 19:55:36,986
987,369.15,-39.23,35.19,87.22,305.15,51.43,11/24/2022 16:26:14,987
988,238.45,-32.04,28.86,84.33,71.58,38.33,9/15/2022 06:06:08,988
989,867.6,42.77,43.11,6.5,156.19,17.75,12/24/2022 00:49:25,989
990,675.18,15.58,65.93,26.14,7.49,12.78,3/10/2022 07:15:50,990
991,952.69,-18.29,20.99,82.7,329.15,12.1,10/21/2022 23:17:20,991
992,35.29,-45.61,86.43,69.59,126.53,14.51,9/15/2022 17:09:01,992
993,424.01,20.2,40.81,63.13,105.65,85.35,8/25/2022 02:24:19,993
994,193.03,48.18,97.09,90.57,179.3,10.46,2/5/2022 06:54:01,994
995,886.76,38.66,29.75,92.12,346.29,59.17,12/1/2022 22:54:46,995
996,981.16,34.82,74.89,96.59,313.51,61.46,6/18/2022 23:55:27,996
997,187.65,-11.61,28.06,63.28,236.76,47.25,9/26/2022 23:32:02,997
998,860.57,-3.28,34.0,81.71,119.75,9.81,2/2/2022 00:37:59,998
999,132.61,-36.43,16.27,71.45,326.52,50.74,4/22/2022 00:51:18,999
1000,949.64,-19.08,45.51,13.25,146.14,25.16,6/15/2022 00:14:31,1000
